File,Line,Snippet
frontend/src/components/Features/ApplyForm/index.tsx,4,"import { useForm } from ""react-hook-form"";"
frontend/src/components/Features/ApplyForm/index.tsx,116,} = useForm<ApplyFormValues>({
frontend/src/components/Features/ApplyForm/index.tsx,171,<form id={formId} onSubmit={handleSubmit(handleApplyJob)}>
frontend/src/components/Features/ChatBot/index.tsx,315,"<form className=""sq-chatbot__composer"" onSubmit={handleSend}>"
frontend/src/components/Features/Feedback/index.tsx,4,import { useForm } from 'react-hook-form';
frontend/src/components/Features/Feedback/index.tsx,70,"const { control, handleSubmit, watch, reset } = useForm<FeedbackData>({"
frontend/src/components/Features/TrustReportDialog/index.tsx,4,"import { useForm, Controller } from 'react-hook-form';"
frontend/src/components/Features/TrustReportDialog/index.tsx,53,"const { control, handleSubmit, reset } = useForm<TrustReportFormValues>({"
frontend/src/components/Features/TrustReportDialog/index.tsx,114,"<Box component=""form"" id=""modal-form"" onSubmit={handleSubmit(onSubmit)}>"
frontend/src/components/Features/VoiceAssistant/components/livekit/agent-control-bar/chat-input.tsx,76,<form
frontend/src/components/Features/VoiceAssistant/components/livekit/agent-control-bar/chat-input.tsx,77,onSubmit={handleSubmit}
frontend/src/views/adminPages/ProfilesPage/index.tsx,27,import { useForm } from 'react-hook-form';
frontend/src/views/adminPages/ProfilesPage/index.tsx,108,"const { control, handleSubmit, reset, watch } = useForm<ProfilesFilterValues>({"
frontend/src/views/adminPages/ProfilesPage/index.tsx,527,"<Box component=""form"" onSubmit={handleSubmit(() => onPaginationChange({ pageIndex: 0, pageSize }))}>"
frontend/src/views/components/auths/AccountForm/index.tsx,5,import { useForm } from 'react-hook-form';
frontend/src/views/components/auths/AccountForm/index.tsx,43,"const { control, reset, setError, handleSubmit } = useForm<AccountFormData>({"
frontend/src/views/components/auths/AccountForm/index.tsx,92,"<form id=""account-form"" onSubmit={handleSubmit(handleUpdate)}>"
frontend/src/views/components/auths/EmployerLoginForm/index.tsx,3,"import { useForm } from ""react-hook-form"";"
frontend/src/views/components/auths/EmployerLoginForm/index.tsx,124,"const { control, handleSubmit } = useForm<EmployerLoginFormData>({"
frontend/src/views/components/auths/EmployerLoginForm/index.tsx,148,onSubmit={handleSubmit(onLogin)}
frontend/src/views/components/auths/EmployerSignUpForm/index.tsx,3,"import { useForm, useWatch } from 'react-hook-form';"
frontend/src/views/components/auths/EmployerSignUpForm/index.tsx,197,"const { control, setError, clearErrors, setValue, getValues, handleSubmit } = useForm<EmployerSignUp"
frontend/src/views/components/auths/EmployerSignUpForm/index.tsx,299,onSubmit={activeStep === steps.length - 1 ? handleSubmit(onSignUp) : handleSubmit(handleSubmtNextSuc
frontend/src/views/components/auths/ForgotPasswordForm/index.tsx,4,import { useForm } from 'react-hook-form';
frontend/src/views/components/auths/ForgotPasswordForm/index.tsx,42,"const { control, handleSubmit } = useForm<ForgotPasswordFormData>({"
frontend/src/views/components/auths/ForgotPasswordForm/index.tsx,56,"<Box component=""form"" onSubmit={handleSubmit(handleRequestResetPassword)}>"
frontend/src/views/components/auths/JobSeekerLoginForm/index.tsx,3,"import { useForm } from ""react-hook-form"";"
frontend/src/views/components/auths/JobSeekerLoginForm/index.tsx,130,"const { control, handleSubmit } = useForm<JobSeekerLoginFormData>({"
frontend/src/views/components/auths/JobSeekerLoginForm/index.tsx,154,onSubmit={handleSubmit(onLogin)}
frontend/src/views/components/auths/JobSeekerSignUpForm/index.tsx,3,import { useForm } from 'react-hook-form';
frontend/src/views/components/auths/JobSeekerSignUpForm/index.tsx,65,"const { control, setError, clearErrors, handleSubmit } = useForm<JobSeekerSignUpFormData>({"
frontend/src/views/components/auths/JobSeekerSignUpForm/index.tsx,92,onSubmit={handleSubmit(onRegister)}
frontend/src/views/components/auths/ResetPasswordForm/index.tsx,3,import { useForm } from 'react-hook-form';
frontend/src/views/components/auths/ResetPasswordForm/index.tsx,58,"const { control, setError, handleSubmit } = useForm<ResetPasswordFormData>({"
frontend/src/views/components/auths/UpdatePasswordForm/index.tsx,5,import { useForm } from 'react-hook-form';
frontend/src/views/components/auths/UpdatePasswordForm/index.tsx,74,"const { control, setError, handleSubmit } = useForm<UpdatePasswordFormData>({"
frontend/src/views/components/auths/UpdatePasswordForm/index.tsx,93,"<form id=""modal-form"" onSubmit={handleSubmit(handleUpdatePassword)}>"
frontend/src/views/components/chats/ChatWindow/ChatWindowComposer.tsx,53,onSubmit={onSubmit}
frontend/src/views/components/chats/ChatWindow/index.tsx,368,onSubmit={handleSendMessage}
frontend/src/views/components/defaults/CategoryCard/index.tsx,89,onSubmit={(event) => event.preventDefault()}
frontend/src/views/components/defaults/CompanySearch/index.tsx,4,import { useForm } from 'react-hook-form';
frontend/src/views/components/defaults/CompanySearch/index.tsx,21,"const { control, handleSubmit, reset } = useForm({"
frontend/src/views/components/defaults/CompanySearch/index.tsx,57,"<Box component=""form"" onSubmit={handleSubmit(handleFilter)}>"
frontend/src/views/components/defaults/HomeSearch/index.tsx,4,import { useForm } from 'react-hook-form';
frontend/src/views/components/defaults/HomeSearch/index.tsx,45,"const { control, handleSubmit, setValue } = useForm({"
frontend/src/views/components/defaults/HomeSearch/index.tsx,110,onSubmit={handleSubmit(handleFilter)}
frontend/src/views/components/defaults/JobPostSearch/index.tsx,3,"import { useForm, useWatch } from 'react-hook-form';"
frontend/src/views/components/defaults/JobPostSearch/index.tsx,51,"const { control, handleSubmit, reset, getValues } = useForm<JobPostSearchFormValues>({"
frontend/src/views/components/defaults/JobPostSearch/index.tsx,201,"<Box component=""form"" onSubmit={handleSubmit(handleFilter)}>"
frontend/src/views/components/employers/AppliedResumeCard/index.tsx,471,onSubmit={handleCreateManualCandidate}
frontend/src/views/components/employers/AppliedResumeCard/index.tsx,497,onSubmit={(payload) => createEmployeeMutation.mutate(payload)}
frontend/src/views/components/employers/AppliedResumeFilterForm/index.tsx,2,"import { Controller, useForm } from 'react-hook-form';"
frontend/src/views/components/employers/AppliedResumeFilterForm/index.tsx,68,"const { control, handleSubmit, reset } = useForm<AppliedResumeFilterData>();"
frontend/src/views/components/employers/AppliedResumeFilterForm/index.tsx,85,"<form id=""modal-form"" onSubmit={handleSubmit(handleFilter)}>"
frontend/src/views/components/employers/CompanyForm/index.tsx,3,"import { useForm, useWatch, Resolver } from 'react-hook-form';"
frontend/src/views/components/employers/CompanyForm/index.tsx,104,"const { control, setValue, handleSubmit } = useForm<CompanyFormValues>({"
frontend/src/views/components/employers/CompanyForm/index.tsx,201,"<form id=""company-form"" onSubmit={handleSubmit(handleUpdate)}>"
frontend/src/views/components/employers/InterviewCreateCard/index.tsx,20,"import { useForm, useWatch } from 'react-hook-form';"
frontend/src/views/components/employers/InterviewCreateCard/index.tsx,100,"const { control, handleSubmit, watch, setValue, formState: { errors } } = useForm<FormValues>({"
frontend/src/views/components/employers/InterviewCreateCard/index.tsx,237,onSubmit={onSubmit}
frontend/src/views/components/employers/InterviewCreateCard/InterviewCreateCardForm.tsx,160,<form onSubmit={handleSubmit(onSubmit)}>
frontend/src/views/components/employers/InterviewDetailCard/index.tsx,407,onSubmit={submitHRInfo}
frontend/src/views/components/employers/JobPostFilterForm/index.tsx,2,import { useForm } from 'react-hook-form';
frontend/src/views/components/employers/JobPostFilterForm/index.tsx,32,} = useForm<JobPostFilterFormValues>({
frontend/src/views/components/employers/JobPostFilterForm/index.tsx,43,<form onSubmit={handleSubmit(handleFilter)}>
frontend/src/views/components/employers/JobPostForm/index.tsx,2,"import { useForm, useWatch, Resolver } from 'react-hook-form';"
frontend/src/views/components/employers/JobPostForm/index.tsx,94,"const { handleSubmit, control, setValue } = useForm<JobPostFormValues>({"
frontend/src/views/components/employers/JobPostForm/index.tsx,186,"<form id=""modal-form"" onSubmit={handleSubmit(handleAddOrUpdate)}>"
frontend/src/views/components/employers/ManualCandidateForm/index.tsx,5,import { useForm } from 'react-hook-form';
frontend/src/views/components/employers/ManualCandidateForm/index.tsx,183,"const { control, handleSubmit } = useForm<ManualCandidateFormValues>({"
frontend/src/views/components/employers/ManualCandidateForm/index.tsx,209,<form id={formId} onSubmit={handleSubmit(onSubmit)}>
frontend/src/views/components/employers/ProfileSearch/index.tsx,5,import { useForm } from 'react-hook-form';
frontend/src/views/components/employers/ProfileSearch/index.tsx,55,control: ReturnType<typeof useForm<ProfileSearchValues>>['control'];
frontend/src/views/components/employers/ProfileSearch/index.tsx,107,"const { control, reset, handleSubmit } = useForm<ProfileSearchValues>();"
frontend/src/views/components/employers/ProfileSearch/index.tsx,135,"<Grid container spacing={2} component=""form"" onSubmit={handleSubmit(handleFilter)} alignItems=""cente"
frontend/src/views/components/employers/SavedResumeFilterForm/index.tsx,3,import { useForm } from 'react-hook-form';
frontend/src/views/components/employers/SavedResumeFilterForm/index.tsx,38,} = useForm<SavedResumeFilterValues>({
frontend/src/views/components/employers/SavedResumeFilterForm/index.tsx,55,<form onSubmit={handleSubmit(handleFilter)}>
frontend/src/views/components/employers/SendMailCard/index.tsx,4,import { useForm } from 'react-hook-form';
frontend/src/views/components/employers/SendMailCard/index.tsx,82,"const { control, handleSubmit } = useForm<SendMailFormData>({"
frontend/src/views/components/employers/SendMailCard/index.tsx,104,"<form id=""modal-form"" onSubmit={handleSubmit(handleSendEmail)}>"
frontend/src/views/components/jobSeekers/AdvancedSkillForm/index.tsx,4,import { useForm } from 'react-hook-form';
frontend/src/views/components/jobSeekers/AdvancedSkillForm/index.tsx,69,"const { control, setError, handleSubmit } = useForm<FormValues>({"
frontend/src/views/components/jobSeekers/AdvancedSkillForm/index.tsx,99,"<form id=""modal-form"" onSubmit={handleSubmit(handleAddOrUpdate)}>"
frontend/src/views/components/jobSeekers/CandidateProfile/CandidateEditProfileModal.tsx,181,<form onSubmit={handleSubmit}>
frontend/src/views/components/jobSeekers/CertificateForm/index.tsx,3,import { useForm } from 'react-hook-form';
frontend/src/views/components/jobSeekers/CertificateForm/index.tsx,71,"const { control, setError, handleSubmit } = useForm<FormValues>({"
frontend/src/views/components/jobSeekers/CertificateForm/index.tsx,88,"<form id=""modal-form"" onSubmit={handleSubmit(handleAddOrUpdate)}>"
frontend/src/views/components/jobSeekers/CVForm/index.tsx,3,import { useForm } from 'react-hook-form';
frontend/src/views/components/jobSeekers/CVForm/index.tsx,72,"const { control, handleSubmit } = useForm<FormValues>({"
frontend/src/views/components/jobSeekers/CVForm/index.tsx,88,"<form id=""modal-form"" onSubmit={handleSubmit(handleUpdate)}>"
frontend/src/views/components/jobSeekers/EducationDetailForm/index.tsx,4,import { useForm } from 'react-hook-form';
frontend/src/views/components/jobSeekers/EducationDetailForm/index.tsx,88,"const { control, handleSubmit } = useForm<FormValues>({"
frontend/src/views/components/jobSeekers/EducationDetailForm/index.tsx,96,"<form id=""modal-form"" onSubmit={handleSubmit(handleAddOrUpdate)}>"
frontend/src/views/components/jobSeekers/ExperienceDetailForm/index.tsx,3,import { useForm } from 'react-hook-form';
frontend/src/views/components/jobSeekers/ExperienceDetailForm/index.tsx,84,"const { control, handleSubmit } = useForm<FormValues>({"
frontend/src/views/components/jobSeekers/ExperienceDetailForm/index.tsx,90,"<form id=""modal-form"" onSubmit={handleSubmit(handleAddOrUpdate)}>"
frontend/src/views/components/jobSeekers/GeneralInfoForm/index.tsx,3,import { useForm } from 'react-hook-form';
frontend/src/views/components/jobSeekers/GeneralInfoForm/index.tsx,62,"const { control, handleSubmit } = useForm<GeneralInfoFormValues>({"
frontend/src/views/components/jobSeekers/GeneralInfoForm/index.tsx,84,"<form id=""modal-form"" onSubmit={handleSubmit(handleUpdate)}>"
frontend/src/views/components/jobSeekers/JobPostNotificationForm/index.tsx,3,import { useForm } from 'react-hook-form';
frontend/src/views/components/jobSeekers/JobPostNotificationForm/index.tsx,104,"const { control, handleSubmit } = useForm<JobPostNotificationFormValues>({"
frontend/src/views/components/jobSeekers/JobPostNotificationForm/index.tsx,110,"<form id=""modal-form"" onSubmit={handleSubmit(handleAddOrUpdate)}>"
frontend/src/views/components/jobSeekers/LanguageSkillForm/index.tsx,3,import { useForm } from 'react-hook-form';
frontend/src/views/components/jobSeekers/LanguageSkillForm/index.tsx,62,"const { control, setError, handleSubmit } = useForm<FormValues>({"
frontend/src/views/components/jobSeekers/LanguageSkillForm/index.tsx,79,"<form id=""modal-form"" onSubmit={handleSubmit(handleAddOrUpdate)}>"
frontend/src/views/components/jobSeekers/PersonalProfileForm/index.tsx,3,import { useForm } from 'react-hook-form';
frontend/src/views/components/jobSeekers/PersonalProfileForm/index.tsx,77,"const { control, reset, handleSubmit, setValue } = useForm<PersonalProfileFormValues>({"
frontend/src/views/components/jobSeekers/PersonalProfileForm/index.tsx,109,"<form id=""modal-form"" onSubmit={handleSubmit(handleUpdateProfile)}>"
frontend/src/views/components/jobSeekers/ProfileUploadForm/index.tsx,3,import { useForm } from 'react-hook-form';
frontend/src/views/components/jobSeekers/ProfileUploadForm/index.tsx,217,"const { control, handleSubmit } = useForm<FormValues>({"
frontend/src/views/components/jobSeekers/ProfileUploadForm/index.tsx,222,"<form id=""modal-form"" onSubmit={handleSubmit(handleAdd)}>"
frontend/src/views/components/settings/SettingForm/index.tsx,4,import { useForm } from 'react-hook-form';
frontend/src/views/components/settings/SettingForm/index.tsx,29,"const { control, reset, handleSubmit } = useForm<FormValues>({"
frontend/src/views/components/settings/SettingForm/index.tsx,38,"<form id=""setting-form"" onSubmit={handleSubmit(handleUpdate)}>"
frontend/src/views/defaultPages/StaticInfoPage/index.tsx,145,"<Stack spacing={2.5} component=""form"" onSubmit={handleSubmit}>"
frontend/src/views/employerPages/VerificationPage/index.tsx,203,onSubmit={handleSaveLegalProfile}
frontend/src/views/employerPages/VerificationPage/components/VerificationLegalProfileForm.tsx,108,"<Box component=""form"" onSubmit={onSubmit}>"
frontend/src/views/interviewPages/AIInterviewLayout.tsx,582,onSubmit={(event: React.FormEvent<HTMLFormElement>) => {
frontend/src/utils/formHelpers.ts,23,* ✅ keeps type safety at the consumer level (useForm<T> still validates)
frontend/src/utils/formHelpers.ts,27,* const { control } = useForm<MyFormValues>({
